RANK,USER,TOTAL,GATE,DELAY,TICK
1,overcomplexification,5,3,2,
2,G0rger,5,3,2,
3,沈逍遥(Q群746497406),5,3,2,
4,Beesman,5,3,2,
5,Xilu,5,3,2,
6,BlockOG,5,3,2,
7,żydus,5,3,2,
8,dinoper,5,3,2,
9,princessyemi,5,3,2,
10,steven0822,5,3,2,
11,alexanderpas,7,3,4,
12,tahgtahv,7,3,4,
13,banzif,7,3,4,
14,Endershadow,7,3,4,
15,danielrab,7,3,4,
16,Nari,7,3,4,
17,agrimes,7,3,4,
18,san_skylak,7,3,4,
19,Dermenslof,7,3,4,
20,Samusbot,7,3,4,
21,The_Dark_Jumper,7,3,4,
22,UnsignedRobin,7,3,4,
23,PotatoLoRD,7,3,4,
24,hirosem,7,3,4,
25,ó ‡°,7,3,4,
26,Heistenberg99,7,3,4,
27,seconddifferential,7,3,4,
28,iota,7,3,4,
29,AbelianGrape,7,3,4,
30,hb_wales,7,3,4,
31,MegaIng,7,3,4,
32,Jay,7,3,4,
33,cringemaster420,7,3,4,
34,Carl-ified,7,3,4,
35,tali713,7,3,4,
36,altrag,7,3,4,
37,Pine,7,3,4,
38,CitrusMarmelade,7,3,4,
39,ç™ºé›»æ©Ÿå›žã—ã¦ãã‚Œ,7,3,4,
40,Itehnological,7,3,4,
41,YukiYasai,7,3,4,
42,fimasu,7,3,4,
43,Rartrin,7,3,4,
44,Awesomeness211i,7,3,4,
45,WhIrLwinD356,7,3,4,
46,RayRay26,7,3,4,
47,"IA_BOT(""MainFastSolve.rom"")",7,3,4,
48,#TSwagg,7,3,4,
49,Oshisaure,7,3,4,
50,Hyperlocke,7,3,4,
51,Zaxabock,7,3,4,
52,hungcat,7,3,4,
53,tyryi,7,3,4,
54,VaporGame,7,3,4,
55,Whisper,7,3,4,
56,SunCat,7,3,4,
57,al13n,7,3,4,
58,decesare,7,3,4,
59,i3ym,7,3,4,
60,bmerry,7,3,4,
61,[CrAzY]WC,7,3,4,
62,10usb,7,3,4,
63,Trixi,7,3,4,
64,naitchal,7,3,4,
65,Errs Anyway,7,3,4,
66,Zargony,7,3,4,
67,BierLiebHaber,7,3,4,
68,Kargaros,7,3,4,
69,moronic1,7,3,4,
70,orangesnowfox,7,3,4,
71,CodeZ,7,3,4,
72,å¥å…¨ãªã‚‹é­‚ã¯ã€ å¥å…¨ãª,7,3,4,
73,huwahuwa,7,3,4,
74,keldor,7,3,4,
75,thompsotd,7,3,4,
76,Silentsouls,7,3,4,
77,cerealandsandwiches,7,3,4,
78,PythonPlusPlus,7,3,4,
79,Arnavion,7,3,4,
80,FireStorm,7,3,4,
81,wogget,7,3,4,
82,Bealth,7,3,4,
83,[1up]oppa05,7,3,4,
84,MÃ¼hendis,7,3,4,
85,ito.ryuma-2007.07.03,7,3,4,
86,Brawndo,7,3,4,
87,gary,7,3,4,
88,Gammabyte,7,3,4,
89,Beemer,7,3,4,
90,NeuralSimulation,7,3,4,
91,Dim_ov,7,3,4,
92,Dorcas,7,3,4,
93,Hr.Novu,7,3,4,
94,SamsonTheCat81,7,3,4,
95,Skepfyr,7,3,4,
96,climb4life,7,3,4,
97,sleepprogger,7,3,4,
98,ovonlogstarn,7,3,4,
99,WicketTVCDj2,7,3,4,
100,EmmaTheGiant,7,3,4,
101,Niet,7,3,4,
102,simonsays095,7,3,4,
103,Sagoot,7,3,4,
104,The Almighty Pegasus Epsilon,7,3,4,
105,ottar.moe,7,3,4,
106,flemmingvonessen,7,3,4,
107,Fri3dNstuff,7,3,4,
108,PoustouFlan,7,3,4,
109,Legy,7,3,4,
110,slowwalker,7,3,4,
111,Alien Valkyrie,7,3,4,
112,Hesulan,7,3,4,
113,Alex,7,3,4,
114,thanis80,7,3,4,
115,MTReis86,7,3,4,
116,UltraPeeks,7,3,4,
117,almafa64,7,3,4,
118,Stuffe,7,3,4,
119,super_craft_alex,7,3,4,
120,Auto(Dada)Didact,7,3,4,
121,Jist,7,3,4,
122,Mockingbird,7,3,4,
123,RealOfficialTurf,7,3,4,
124,BakY,7,3,4,
125,crow,7,3,4,
126,schadomi,7,3,4,
127,DarthOrdo,7,3,4,
128,Seinaru Tenshi,7,3,4,
129,Metricor,7,3,4,
130,Deadly Usagi,7,3,4,
131,pleegwat,7,3,4,
132,Vincent Cardley,7,3,4,
133,botondmester,7,3,4,
134,Greg0lord,7,3,4,
135,gigglingCaduceus,7,3,4,
136,Zeltix,7,3,4,
137,m_ornj,7,3,4,
138,Segal,7,3,4,
139,Alphiries,7,3,4,
140,Dave,7,3,4,
141,SuperFluffyGame,7,3,4,
142,GinjaNinja32,7,3,4,
143,CyberCat,7,3,4,
144,ArcticCopper,7,3,4,
145,F1sh,7,3,4,
146,Alex,7,3,4,
147,Raptor-Eins-Null,7,3,4,
148,cswvna,7,3,4,
149,ErefeWinter,7,3,4,
150,El Presidente,7,3,4,
151,Gelthor,7,3,4,
152,EloTime,7,3,4,
153,SimpleGopnik,7,3,4,
154,Shim,7,3,4,
155,LukaszBro,7,3,4,
156,ZeroFarad,7,3,4,
157,vanilkovy.puding *****,7,3,4,
158,Aylvaer,7,3,4,
159,Niels,7,3,4,
160,Nikke,7,3,4,
161,Kisse Mjolk,7,3,4,
162,Kedesiklem,7,3,4,
163,Arcus,7,3,4,
164,LeeFun,7,3,4,
165,zede,7,3,4,
166,Shadow Spade,7,3,4,
167,QopyKat,7,3,4,
168,Mellohi1,7,3,4,
169,TerraSpore,7,3,4,
170,Grollgor,7,3,4,
171,Flow Arg,7,3,4,
172,Mayge,7,3,4,
173,The Moon Itself,7,3,4,
174,Zarchonia,7,3,4,
175,EndGamer,7,3,4,
176,Tuxtax,7,3,4,
177,reklrekl,7,3,4,
178,Hblymer,7,3,4,
179,RoflCopter,7,3,4,
180,Nulano,7,3,4,
181,Nick2oo2,7,3,4,
182,ParacelsusPharmD,7,3,4,
183,Tapehmwadsu,7,3,4,
184,Wylentar,7,3,4,
185,vroonthib,7,3,4,
186,The Ass Kicker,7,3,4,
187,Moonj64,7,3,4,
188,Txoka,7,3,4,
189,Pannoni,7,3,4,
190,MJE10,7,3,4,
191,Feedane,7,3,4,
192,micha_i,7,3,4,
193,Eutian,7,3,4,
194,zuev93,7,3,4,
195,McModknower,7,3,4,
196,梦想,7,3,4,
197,DemiurgE,7,3,4,
198,Lily,7,3,4,
199,Yanni128,7,3,4,
200,(2^5)*41,7,3,4,
201,kroutu,7,3,4,
202,mediosthenes,7,3,4,
203,HowToCantaloupe,7,3,4,
204,Strubbelkopp,7,3,4,
205,Mireole,7,3,4,
206,Teun2408,7,3,4,
207,mlindner2000,7,3,4,
208,EPRORA,7,3,4,
209,martyn1842,7,3,4,
210,yut23,7,3,4,
211,hentenkenenu,7,3,4,
212,kiseru,7,3,4,
213,erinsc,7,3,4,
214,GasInfinity,7,3,4,
215,SoundingBites,7,3,4,
216,willem,7,3,4,
217,PhiliPdB,7,3,4,
218,DoomBoi,7,3,4,
219,Schwa,7,3,4,
220,kumabushi,7,3,4,
221,ScorpionGreen,7,3,4,
222,dudfo0629,7,3,4,
223,L Canis,7,3,4,
224,OneOfTheChips,7,3,4,
225,alexscott,7,3,4,
226,Venusaur,7,3,4,
227,CatMan62101,7,3,4,
228,Hinara,7,3,4,
229,Khorne Sanguine,7,3,4,
230,Croustit\_Bat,7,3,4,
231,guy-732,7,3,4,
232,Spivee,7,3,4,
233,minekpo1,7,3,4,
234,Chri5p,7,3,4,
235,mathieu.lumbroso,7,3,4,
236,LPKoyara,7,3,4,
237,[WTF] KillerGruetze,7,3,4,
238,mm,7,3,4,
239,PlumpyD,7,3,4,
240,clock,7,3,4,
241,freyrwings,7,3,4,
242,schadocalex,7,3,4,
243,Bllum,7,3,4,
244,garr890354839,7,3,4,
245,BekfastStealer,7,3,4,
246,elgecko,7,3,4,
247,Yone †,7,3,4,
248,alfabit,7,3,4,
249,Krang,7,3,4,
250,Chrisfox,7,3,4,
251,lazarm,7,3,4,
252,NarcoticBreakfast,7,3,4,
253,krangelang,7,3,4,
254,zamadatix,7,3,4,
255,Pakanaateisti,7,3,4,
256,Coded Oreo,7,3,4,
257,NicolaeHC,7,3,4,
258,Mattintosh,7,3,4,
259,Bronze,7,3,4,
260,benlingan,7,3,4,
261,frosty,7,3,4,
262,Mominon,7,3,4,
263,xXJoeGongaloSniffer69xx,7,3,4,
264,deliberate_guess,7,3,4,
265,jamatt0443,7,3,4,
266,NarcissusGray,7,3,4,
267,RyuTurtle,7,3,4,
268,Yosh,7,3,4,
269,mootmoot,7,3,4,
270,mhkw,7,3,4,
271,Zaratul9,7,3,4,
272,Schadocnico,7,3,4,
273,Martin,7,3,4,
274,xborg0,7,3,4,
275,nonamefour0210,7,3,4,
276,bearb,7,3,4,
277,ネット・イメージ,7,3,4,
278,EOS,7,3,4,
279,99749111,7,3,4,
280,shimotsuki\_suzu,7,3,4,
281,DemonSlayer1123,7,3,4,
282,Chuck,7,3,4,
283,SCP\_682,7,3,4,
284,Moriibund,7,3,4,
285,Pizzasgood,7,3,4,
286,牛百叶,7,3,4,
287,asafonnikov,7,3,4,
288,Tioxti,7,3,4,
289,Boomshroom,7,3,4,
290,Thism2,7,3,4,
291,sneaky.ruds,7,3,4,
292,Cheeki\_Breeki09,7,3,4,
293,Unmeinks,7,3,4,
294,[ ],7,3,4,
295,System64,7,3,4,
296,Wish,7,3,4,
297,Y-32,7,3,4,
298,Supersonic Pixel Junkie,7,3,4,
299,egerke,7,3,4,
300,Don't,7,3,4,
301,nathancrazy5,7,3,4,
302,1173992524,7,3,4,
303,sanyueshier,7,3,4,
304,KidsLoveSatan,7,3,4,
305,V A P E Jr.,7,3,4,
306,nabla,7,3,4,
307,Iead,7,3,4,
308,Bax,7,3,4,
309,鸡米花的花语是喷射,7,3,4,
310,Alexander,7,3,4,
311,0xmeow,7,3,4,
312,FoxSlyme,7,3,4,
313,artsuchiya,7,3,4,
314,jlntlln7,7,3,4,
315,danie59823,7,3,4,
316,A Funny Monkey,7,3,4,
317,Hyuu722,7,3,4,
318,tooro,7,3,4,
319,fishing sea,7,3,4,
320,ylide,7,3,4,
321,蜡笔桶,7,3,4,
322,Kweku,7,3,4,
323,Qubic,7,3,4,
324,*****,7,3,4,
325,Think,7,3,4,
326,Tanner07,7,3,4,
327,KaloSeishin,7,3,4,
328,1547938354,7,3,4,
329,FRA32,7,3,4,
330,Mr Pebble,7,3,4,
331,koutianyi,7,3,4,
332,克里斯托夫古兰马克索特,7,3,4,
333,sewbacca,7,3,4,
334,coming,7,3,4,
335,Zlug,7,3,4,
336,迅捷斥候,7,3,4,
337,robbe.vsb,7,3,4,
338,dragmine149,7,3,4,
339,CatOnTable,7,3,4,
340,S!mon,7,3,4,
341,liliolett,7,3,4,
342,1792547288,7,3,4,
343,Slivek,7,3,4,
344,Volatility,7,3,4,
345,Lunatique,7,3,4,
346,kurimura,7,3,4,
347,guo2years,7,3,4,
348,cleantted,7,3,4,
349,Alrune,7,3,4,
350,PotatoInTheBox,7,3,4,
351,c\_user,7,3,4,
352,Zarsatha,7,3,4,
353,tobotrieb,7,3,4,
354,Zephyr,7,3,4,
355,LittleDemon,7,3,4,
356,wyp020610,7,3,4,
357,ktone1,7,3,4,
358,Steved,7,3,4,
359,chloe,7,3,4,
360,Циолковский,7,3,4,
361,secondeblue,7,3,4,
362,HDawg4Days,7,3,4,
363,Snake,7,3,4,
364,orangebird,7,3,4,
365,SemblanceOfLiberty,7,3,4,
366,Rmi,7,3,4,
367,MasterJason9637,7,3,4,
368,vix,7,3,4,
369,Sonullx Liu,7,3,4,
370,NO_NAME,7,3,4,
371,rdxbtransformers,7,3,4,
372,Zenoxide,7,3,4,
373,politicalcat,7,3,4,
374,stehsaer,7,3,4,
375,asclll,7,3,4,
376,Quent,7,3,4,
377,zxc,7,3,4,
378,会虎GreyTiger,7,3,4,
379,Auriok,7,3,4,
380,awesome8679,7,3,4,
381,Mizar,7,3,4,
382,Murwen,7,3,4,
383,Mike Wazowski,7,3,4,
384,Doptic,7,3,4,
385,Weesplat,7,3,4,
386,ArSeNiC^,7,3,4,
387,pacorjavier,7,3,4,
388,Alcyr,7,3,4,
389,bejonse,7,3,4,
390,Wanglemink Fannycourt,7,3,4,
391,iRaS 4 fun,7,3,4,
392,Namseeb,7,3,4,
393,RammbocK,7,3,4,
394,SchieDrauf,7,3,4,
395,AJ,7,3,4,
396,goofyballer,7,3,4,
397,zoickx,7,3,4,
398,getItemFromBlock,7,3,4,
399,poopypants,7,3,4,
400,BazelNight,7,3,4,
401,No. 4,7,3,4,
402,Peppw_,7,3,4,
403,Wagyourtail,7,3,4,
404,Fragath,7,3,4,
405,Nottingphile,7,3,4,
406,SwissGuy,7,3,4,
407,2006gael,7,3,4,
408,rexsoli,7,3,4,
409,Cookie,7,3,4,
410,Slug,7,3,4,
411,Gamma,7,3,4,
412,Cat,7,3,4,
413,TestedBubble,7,3,4,
414,taio,7,3,4,
415,Soso,7,3,4,
416,ButterSus,7,3,4,
417,kubanvip,7,3,4,
418,Havenvik,7,3,4,
419,ouoam2555,7,3,4,
420,babycakesmittens,7,3,4,
421,tietoitu,7,3,4,
422,sregy,7,3,4,
423,Rusty Biscuit,7,3,4,
424,albanboissard,7,3,4,
425,Fyona,7,3,4,
426,toucanboi,7,3,4,
427,Choon,7,3,4,
428,Diggsey,7,3,4,
429,FenixAuriga,7,3,4,
430,worstedmoon8,7,3,4,
431,ShadowIncarnate,7,3,4,
432,Artsy E.,7,3,4,
433,EricQAardWolf,7,3,4,
434,theAmazingJunkman,7,3,4,
435,Hl 13,7,3,4,
436,Waffle,7,3,4,
437,I)ark\_Sentinel,7,3,4,
438,Dajara14,7,3,4,
439,Makrot(a),7,3,4,
440,Torellin,7,3,4,
441,toms11235,7,3,4,
442,rutfiyy,7,3,4,
443,Zeus,7,3,4,
444,pahlke,7,3,4,
445,The Wind,7,3,4,
446,Tomnar,7,3,4,
447,loganhodgson,7,3,4,
448,jasonwt1234,7,3,4,
449,Marqho,7,3,4,
450,Agham\_Quartz,7,3,4,
451,White Rice,7,3,4,
452,Aart Bluestoke,7,3,4,
453,JEB7H,7,3,4,
454,markbeshay87,7,3,4,
455,xSwan,7,3,4,
456,Välling,7,3,4,
457,StarStuff,7,3,4,
458,DestinyHailstorm,7,3,4,
459,RandomShadow,7,3,4,
460,Kiremi,7,3,4,
461,Shambles,7,3,4,
462,Codegen42,7,3,4,
463,ServedDinner,7,3,4,
464,Erunion,7,3,4,
465,Rubik Hero,7,3,4,
466,theduck,7,3,4,
467,二月九,7,3,4,
468,General,7,3,4,
469,burninghydra13,7,3,4,
470,autumn876,7,3,4,
471,martin,7,3,4,
472,fulguron,7,3,4,
473,JakeVH,7,3,4,
474,1304497636,7,3,4,
475,brahim,7,3,4,
476,1jmw11,7,3,4,
477,Amonagole,7,3,4,
478,Kertox662,7,3,4,
479,unknown\_err,7,3,4,
480,MicroBuilder,7,3,4,
481,IcyPlox,7,3,4,
482,南瓜本尊ingM,7,3,4,
483,ardeej,7,3,4,
484,Space Monkey,7,3,4,
485,tonym1972,7,3,4,
486,Celforyon,7,3,4,
487,GusPwouet,7,3,4,
488,Carry out,7,3,4,
489,Pedersen,7,3,4,
490,Nefarious Zhen,7,3,4,
491,HK\_Koutan,7,3,4,
492,Kellan,7,3,4,
493,Ardour,7,3,4,
494,zhiyv17,7,3,4,
495,white woman gaming,7,3,4,
496,Raccoons,7,3,4,
497,StarDuster,7,3,4,
498,adrmcr,7,3,4,
499,Glen Runciter,7,3,4,
500,Ryan,7,3,4,
501,DarthSack,7,3,4,
502,sadovnikovss,7,3,4,
503,olorin3125,7,3,4,
504,hangbingli,7,3,4,
505,eryk500,7,3,4,
506,Jolly Fisher [Mode: Casual],7,3,4,
507,Mascote DDOS,7,3,4,
508,Fungi,7,3,4,
509,Nihil,7,3,4,
510,TriM,7,3,4,
511,Matej\_Drahovsky,7,3,4,
512,Fififionek,7,3,4,
513,GiB,7,3,4,
514,friendly!!baguette,7,3,4,
515,MolybdenicCrystalform,7,3,4,
516,cat42,7,3,4,
517,Capt.Hindsight,7,3,4,
518,Swan,7,3,4,
519,Martin,7,3,4,
520,grkt125,7,3,4,
521,blackthorn,7,3,4,
522,sammyhawk,7,3,4,
523,,7,3,4,
524,Fan Boy,7,3,4,
525,Warhawk,7,3,4,
526,judos,7,3,4,
527,Yunfeng,7,3,4,
528,hannah,7,3,4,
529,482.36,7,3,4,
530,LeviDuncan,7,3,4,
531,gasnica,7,3,4,
532,jackedback,7,3,4,
533,soytak,7,3,4,
534,Jeht,7,3,4,
535,petermax,7,3,4,
536,Lelden,7,3,4,
537,noaxp,7,3,4,
538,KaWeNGoD,7,3,4,
539,lekkel124,7,3,4,
540,Murzahg,7,3,4,
541,MetallicEye,7,3,4,
542,Monad,7,3,4,
543,dont b mad cuz im bad,7,3,4,
544,toke,7,3,4,
545,Spaceymip,7,3,4,
546,Ch1pless,7,3,4,
547,kipsora,7,3,4,
548,Dante,7,3,4,
549,shigawire,7,3,4,
550,srjek,7,3,4,
551,Cygwin231,7,3,4,
552,MrFixxiT,7,3,4,
553,ranger\_e\_p,7,3,4,
554,tdog21,7,3,4,
555,Melcai,7,3,4,
556,LuoriJun,7,3,4,
557,kzotn,7,3,4,
558,StaplePuppy3521,7,3,4,
559,briguy812,7,3,4,
560,Folobort,7,3,4,
561,Sodiumx3,7,3,4,
562,diaoyf,7,3,4,
563,Jastonite,7,3,4,
564,Sigmanificient,7,3,4,
565,Cooyon,7,3,4,
566,creidieki,7,3,4,
567,ramuDotZip,7,3,4,
568,MadocComadrin,7,3,4,
569,Hank The Tundra Wanderer,7,3,4,
570,LanzaJ,7,3,4,
571,jkz,7,3,4,
572,eZeeK,7,3,4,
573,Soul,7,3,4,
574,Georfried,7,3,4,
575,Alef Burzmali,7,3,4,
576,oapy,7,3,4,
577,tctianchi,7,3,4,
578,Ymity,7,3,4,
579,jyx20090106,7,3,4,
580,MengLei,7,3,4,
581,Moritz,7,3,4,
582,Robthehood,7,3,4,
583,Ethan,7,3,4,
584,isfzdist,7,3,4,
585,Q.E.D,7,3,4,
586,\_4Z\_,7,3,4,
587,genko,7,3,4,
588,legendpig3233,7,3,4,
589,maedas,7,3,4,
590,SubCine,7,3,4,
591,J0eDoe,7,3,4,
592,hzxsncz,7,3,4,
593,kkumie,7,3,4,
594,roran,7,3,4,
595,Jasper1749,7,3,4,
596,PGForest,7,3,4,
597,Sovde,7,3,4,
598,没有用,7,3,4,
599,ุุุุุุุุ,7,3,4,
600,3038710688,7,3,4,
601,柴,7,3,4,
602,DevilVsLife,7,3,4,
603,Doublebubble,7,3,4,
604,rexgene,7,3,4,
605,skyhgzsh,7,3,4,
606,henry4412,7,3,4,
607,tan((x^2) (y^2))=0,7,3,4,
608,Null372,7,3,4,
609,JSXDH,7,3,4,
610,ThisDoesNotExist,7,3,4,
611,your6,7,3,4,
612,zhangsiwei1951,7,3,4,
613,pichutarius,7,3,4,
614,qbax,7,3,4,
615,simon.goldsmith,7,3,4,
616,你急什么？,7,3,4,
617,Vertical,7,3,4,
618,moccam,7,3,4,
619,szabsi,7,3,4,
620,Narshlog,7,3,4,
621,PatitoPatozo,7,3,4,
622,Braxbro,7,3,4,
623,卖无敌的承太郎,7,3,4,
624,Shaori Fell,7,3,4,
625,像素游戏赛高,7,3,4,
626,HURGMCGURG,7,3,4,
627,Gradient,7,3,4,
628,kmcguffi,7,3,4,
629,Toaster,7,3,4,
630,Berkishco,7,3,4,
631,HBB Ai XIN,7,3,4,
632,msherman1225,7,3,4,
633,Jao,7,3,4,
634,UwU,7,3,4,
635,qianyinjun2009,7,3,4,
636,汉堡中的酸黄瓜,7,3,4,
637,Quantic Mage,7,3,4,
638,Leo Avada Maxwell,7,3,4,
639,1Kick234,7,3,4,
640,4xel,7,3,4,
641,wangperiagoge,7,3,4,
642,DasGerippe,7,3,4,
643,somfu,7,3,4,
644,lozzajp,7,3,4,
645,GHOST\_JX,7,3,4,
646,Auto,7,3,4,
647,TonyQ,7,3,4,
648,Egginator,7,3,4,
649,234729331,7,3,4,
650,Riviera,7,3,4,
651,white-gandalf,7,3,4,
652,ABIGplayer,7,3,4,
653,VeliTomaatti,7,3,4,
654,Arok,7,3,4,
655,Allenator,7,3,4,
656,Itron al Lenn,7,3,4,
657,78715859,7,3,4,
658,9527,7,3,4,
659,璐明,7,3,4,
660,GN6,7,3,4,
661,sinder,7,3,4,
662,joachim,7,3,4,
663,macho,7,3,4,
664,曾思宇,7,3,4,
665,cation,7,3,4,
666,Tarzy,7,3,4,
667,小束,7,3,4,
668,Ixam,7,3,4,
669,四维汉堡包,7,3,4,
670,Althumi,7,3,4,
671,18219166612,7,3,4,
672,Oreo,7,3,4,
673,wobs,7,3,4,
674,derFabbi,7,3,4,
675,1847269509,7,3,4,
676,星云小姐,7,3,4,
677,Beepidibop,7,3,4,
678,1830395354,7,3,4,
679,Gurgur,7,3,4,
680,LittleDemon2,7,3,4,
681,zst0001,7,3,4,
682,theodor.hayden,7,3,4,
683,septomor,7,3,4,
684,东风断雨,7,3,4,
685,bob,7,3,4,
686,Kright,7,3,4,
687,zagadka M,7,3,4,
688,LeonidR,7,3,4,
689,3030447331,7,3,4,
690,Eternal,7,3,4,
691,IM&SD,7,3,4,
692,Nero,7,3,4,
693,TheMonkey2002,7,3,4,
694,BRPA,7,3,4,
695,fort,7,3,4,
696,Carlo,7,3,4,
697,Hyerf,7,3,4,
698,Zhooka,7,3,4,
699,bbpursell,7,3,4,
700,skeltoac,7,3,4,
701,Sebastian Sokolova,7,3,4,
702,Theflyingdutchman,7,3,4,
703,カエル軍団,7,3,4,
704,=^・^=,7,3,4,
705,LYITE9029,7,3,4,
706,Squirrelofudun,7,3,4,
707,zwjzwj,7,3,4,
708,OrchestraOfPain,7,3,4,
709,帅哥,7,3,4,
710,fomy,7,3,4,
711,NNN1590,7,3,4,
712,D,7,3,4,
713,Burno,7,3,4,
714,Bufo,7,3,4,
715,stdg,7,3,4,
716,2335596285,7,3,4,
717,Frosty,7,3,4,
718,qq11123334,7,3,4,
719,voqn,7,3,4,
720,Stabhole,7,3,4,
721,ComradeSpark,7,3,4,
722,lord julian,7,3,4,
723,星星不亮了,7,3,4,
724,Spaam,7,3,4,
725,AofPS\_01,7,3,4,
726,bill.ruddock,7,3,4,
727,emiliasaigoo,7,3,4,
728,Random\_Magus,7,3,4,
729,2961227697,7,3,4,
730,dbxl,7,3,4,
731,1465157991,7,3,4,
732,O2,7,3,4,
733,Ryan,7,3,4,
734,Blu3,7,3,4,
735,WowaBBS,7,3,4,
736,Extremy,7,3,4,
737,jshintaro1018,7,3,4,
738,ღ「星空物语」,7,3,4,
739,WW,7,3,4,
740,stellartux,8,4,4,
741,Runac,8,4,4,
742,Pinkii,8,4,4,
743,senshi\_01,8,4,4,
744,noob7,8,4,4,
745,Mortalitor,8,4,4,
746,SomeGuy,8,4,4,
747,shift,8,4,4,
748,CurryField,8,4,4,
749,120x1n,8,4,4,
750,Limeray,8,4,4,
751,koryngs,8,4,4,
752,Turrex0100,8,4,4,
753,Thunderbolt1029,8,4,4,
754,DasWird,8,4,4,
755,nichtmeineschulz,8,4,4,
756,Irea,8,4,4,
757,Tsukina_7mochi,8,4,4,
758,Coach Schulze,8,4,4,
759,Bram1999999,8,4,4,
760,Amrei,8,4,4,
761,Solomyr,8,4,4,
762,Lebster,8,4,4,
763,Eterm,8,4,4,
764,The Warden Unit,8,4,4,
765,morybu,8,4,4,
766,Atlas,8,4,4,
767,Momotron23,8,4,4,
768,litl snek,8,4,4,
769,luzia.cosi,8,4,4,
770,Foxie_Fox,8,4,4,
771,sailerboy98,8,4,4,
772,nuko274,8,4,4,
773,Peppy Hare,8,4,4,
774,LOST|Antichrist,8,4,4,
775,pooh,8,4,4,
776,HoelShare,8,4,4,
777,Carni111,8,4,4,
778,52005,8,4,4,
779,expendablejim,8,4,4,
780,AtoM,8,4,4,
781,TheNerdZuero,8,4,4,
782,pascal.marcou,8,4,4,
783,Baschdi,8,4,4,
784,Moh,8,4,4,
785,NAMEhzj,8,4,4,
786,rasmuse00,8,4,4,
787,flederohr,8,4,4,
788,Gamerboy166,8,4,4,
789,Kirre,8,4,4,
790,mpklink,8,4,4,
791,Levain,8,4,4,
792,Pigslyer,8,4,4,
793,surebet15,8,4,4,
794,Kuldrtorix,8,4,4,
795,Goldi2204,8,4,4,
796,khoyobegenn,8,4,4,
797,Chriiiis,8,4,4,
798,Honkler,8,4,4,
799,Neumiindehouse,8,4,4,
800,Mettphysik,8,4,4,
801,jemand2001,8,4,4,
802,Luigi,8,4,4,
803,Captain Planet,8,4,4,
804,obi.knobi,8,4,4,
805,DaDaimon,8,4,4,
806,rainyday,8,4,4,
807,SeaDDeaD,8,4,4,
808,[DE] ChristianA,8,4,4,
809,Alex_523,8,4,4,
810,MrFlibble,8,4,4,
811,reddog,8,4,4,
812,BurntBeard,8,4,4,
813,Uwe,8,4,4,
814,Megacrafter127,8,4,4,
815,Cpt. Bread,8,4,4,
816,robotguy189,8,4,4,
817,nekotaro,8,4,4,
818,Rundy,8,4,4,
819,Azatoth,8,4,4,
820,secondshadow,8,4,4,
821,oGEN,8,4,4,
822,Banzify,8,4,4,
823,K\_JockeR\_S,8,4,4,
824,snke,8,4,4,
825,Alter,8,4,4,
826,nfgrawker,8,4,4,
827,Beazzt,8,4,4,
828,Naughty Naughty,8,4,4,
829,Blockinator,8,4,4,
830,Hedgehog,8,4,4,
831,michi-windsurfing,8,4,4,
832,Bademeister,8,4,4,
833,papercrane,8,4,4,
834,Bettelmage,8,4,4,
835,Pavlo,8,4,4,
836,lusidity,8,4,4,
837,pinkertona,8,4,4,
838,Kryoclasm,8,4,4,
839,linnet,8,4,4,
840,ShadF0x,8,4,4,
841,updog,8,4,4,
842,jacques.bicker,8,4,4,
843,isaac.wass (allegedly),8,4,4,
844,strawwedberries,8,4,4,
845,sq5researcher,8,4,4,
846,diamond_flesh,8,4,4,
847,Hui Geng Hao,8,4,4,
848,VolaSyVy,8,4,4,
849,dgftio,8,4,4,
850,josh,8,4,4,
851,houzw2001,8,4,4,
852,Bloody,8,4,4,
853,HappyDomba,8,4,4,
854,xXBananscho_GeneralXx,8,4,4,
855,Acze,8,4,4,
856,prphet,8,4,4,
857,Asthmatiker,8,4,4,
858,Der mediterane Pfirsichmann,8,4,4,
859,The_real_Trolf,8,4,4,
860,lukeplechaty,8,4,4,
861,Rofgar,8,4,4,
862,tofu-online,8,4,4,
863,butros10 games,8,4,4,
864,Rominos2,8,4,4,
865,KeDouJia,8,4,4,
866,rolexa2010,8,4,4,
867,LMD|Cavy,8,4,4,
868,ZKlack,8,4,4,
869,my_agony,8,4,4,
870,anonymus,8,4,4,
871,nicfe,8,4,4,
872,Comm,8,4,4,
873,Benedict Rubwa Noff,8,4,4,
874,Vinegret,8,4,4,
875,kunterbunt,8,4,4,
876,pppolly,8,4,4,
877,fifiinart,8,4,4,
878,lasmite,8,4,4,
879,lavavrik,8,4,4,
880,Notch,8,4,4,
881,ESPFITLA,8,4,4,
882,William_Thurstone,8,4,4,
883,a1ph4,8,4,4,
884,JerryPlayz,8,4,4,
885,Omnipact,8,4,4,
886,landru729,8,4,4,
887,zirus,8,4,4,
888,Marveck,8,4,4,
889,Postrophilas,8,4,4,
890,sunnyssk,8,4,4,
891,ggg1psyyy,8,4,4,
892,speedreaper0,8,4,4,
893,NeoVICT,8,4,4,
894,Quixx,8,4,4,
895,Amber,8,4,4,
896,Jeff,8,4,4,
897,erikeah,8,4,4,
898,Deadwire,8,4,4,
899,aj_webdesign,8,4,4,
900,Stevi the Stain,8,4,4,
901,joshua.pgordon,8,4,4,
902,leon_stue,8,4,4,
903,Nomster,8,4,4,
904,Karamba,8,4,4,
905,Prof. Dr. Krampus,8,4,4,
906,Fraggx,8,4,4,
907,Soda,8,4,4,
908,knupper,8,4,4,
909,Re4lSlow,8,4,4,
910,Gugorrex,8,4,4,
911,Spawn,8,4,4,
912,Beson,8,4,4,
913,dasKitz,8,4,4,
914,DarthKarnage,8,4,4,
915,Sahishar,8,4,4,
916,Swek,8,4,4,
917,arar,8,4,4,
918,chrisdubz,8,4,4,
919,mwChase,8,4,4,
920,TheLoudNinjaz,8,4,4,
921,sbtaku11,8,4,4,
922,Highchiller,8,4,4,
923,dewillma1,8,4,4,
924,SwitchbladeAli,8,4,4,
925,[CIR]EbÃ¨to,8,4,4,
926,\Viridi,8,4,4,
927,datGuy,8,4,4,
928,whiskeyo,8,4,4,
929,Tokin,8,4,4,
930,Sostratos,8,4,4,
931,AirWalk,8,4,4,
932,Spodermeister3000,8,4,4,
933,Wastlos,8,4,4,
934,silvan.fehlmann,8,4,4,
935,Dennyout65,8,4,4,
936,ecko2109,8,4,4,
937,93.tomek,8,4,4,
938,Mindful_Master,8,4,4,
939,funfaker666,8,4,4,
940,alexei2511,8,4,4,
941,Jedicavebros,8,4,4,
942,DK,8,4,4,
943,BigMango,8,4,4,
944,staffmann,8,4,4,
945,Rover,8,4,4,
946,llfull,8,4,4,
947,ElPaso,8,4,4,
948,Deltachange,8,4,4,
949,Hashtax,8,4,4,
950,holger,8,4,4,
951,ATREJU,8,4,4,
952,LordRoughcourt,8,4,4,
953,CyBay,8,4,4,
954,Madoka,8,4,4,
955,DATA_CORRUPTED,8,4,4,
956,icechair,8,4,4,
957,potato,8,4,4,
958,Grnstdl,8,4,4,
959,w01f0r,8,4,4,
960,Pyke,8,4,4,
961,Aokama,8,4,4,
962,venomenon,8,4,4,
963,jschell42,8,4,4,
964,Kartoffeln,8,4,4,
965,Peter [Zwegat],8,4,4,
966,PopStopper334,8,4,4,
967,321Productions,8,4,4,
968,Watergrasswfud,8,4,4,
969,tofl,8,4,4,
970,MrPontiac,8,4,4,
971,thejoker_p53,8,4,4,
972,AsyncException,8,4,4,
973,NASHUI1234,8,4,4,
974,f_beckmann,8,4,4,
975,Atre,8,4,4,
976,Craicy,8,4,4,
977,Tsumi07,8,4,4,
978,DirtyD,8,4,4,
979,Troplosdof,8,4,4,
980,Wurstwasser,8,4,4,
981,Gernhard Reinlunzen,8,4,4,
982,Piano VII,8,4,4,
983,Khuun,8,4,4,
984,kali,8,4,4,
985,wuthi,8,4,4,
986,juho.saarikko,8,4,4,
987,GreenBud,8,4,4,
988,Goldgeckoguy,8,4,4,
989,chrisi-12er,8,4,4,
990,matinnate,8,4,4,
991,Manu,8,4,4,
992,EXorTSIST,8,4,4,
993,Fine AWP,8,4,4,
994,NEâŒ¬N,8,4,4,
995,succcubbus,8,4,4,
996,Knut [Ger],8,4,4,
997,shootin. x35,8,4,4,
998,Fantus,8,4,4,
999,Leon,8,4,4,
1000,Reynard,8,4,4,
